{"login": [1.5662810802459717, 1.0212762355804443, 0.9930310249328613, 1.0039019584655762, 1.1531639099121094, 1.0482869148254395, 0.9635159969329834, 0.9466209411621094, 2.14133620262146, 3.0261659622192383, 1.296860933303833, 1.6595299243927002, 1.0800950527191162, 1.2706763744354248, 1.1465489864349365, 1.306164264678955, 2.079644203186035, 1.0540039539337158, 1.4765818119049072, 2.021790027618408, 0.8976099491119385, 1.061657190322876, 1.4369499683380127, 0.9968578815460205, 0.9792320728302002, 0.9591591358184814, 1.14821195602417, 1.9759979248046875, 0.9109141826629639, 1.3386099338531494, 1.0228369235992432, 1.0961601734161377, 2.2489678859710693, 2.385378122329712, 1.1460959911346436, 1.4497740268707275, 1.0274109840393066, 1.3831243515014648, 0.9628369808197021, 1.207930088043213, 1.0420811176300049, 1.0756011009216309, 0.993283748626709, 0.865772008895874, 1.2579193115234375, 1.0237548351287842, 0.9481370449066162, 0.9444541931152344, 0.9313881397247314, 1.0877559185028076], "retrievePoints": [0.6892468929290771, 0.9703481197357178, 1.0551440715789795, 0.9094362258911133, 0.819849967956543, 0.7787320613861084, 0.8082818984985352, 0.7779300212860107, 0.6817069053649902, 0.6873328685760498, 1.2991440296173096, 1.1456458568572998, 0.662769079208374, 0.7372879981994629, 0.8552539348602295, 0.6957361698150635, 0.696861982345581, 0.8098700046539307, 0.7525780200958252, 1.202894926071167, 0.8256750106811523, 1.080111026763916, 1.310196876525879, 0.7769179344177246, 0.7155251502990723, 0.7961909770965576, 1.012444019317627, 0.8183581829071045, 0.9127397537231445, 0.790654182434082, 0.7199900150299072, 0.7744479179382324, 0.7761900424957275, 0.7568459510803223, 0.8070590496063232, 1.924178123474121, 0.7304749488830566, 0.8149199485778809, 0.8244137763977051, 0.8063201904296875, 0.8335978984832764, 0.7367911338806152, 0.6738529205322266, 0.7980353832244873, 0.7730429172515869, 0.6734590530395508, 0.8393521308898926, 0.8342528343200684, 1.3524956703186035, 0.755573034286499], "redeemPoints": [0.8706328868865967, 0.9274532794952393, 2.7256977558135986, 0.7964780330657959, 0.812964916229248, 0.8579039573669434, 1.0369811058044434, 0.7705698013305664, 0.7758381366729736, 0.7160899639129639, 0.7357912063598633, 0.7718820571899414, 0.8406949043273926, 1.7804689407348633, 0.7904200553894043, 0.6947078704833984, 0.6887340545654297, 0.7981247901916504, 0.8218750953674316, 0.9309589862823486, 0.7793517112731934, 0.8443851470947266, 0.7876319885253906, 0.7614243030548096, 0.8272061347961426, 1.0959458351135254, 0.7727811336517334, 0.8353180885314941, 1.0569839477539062, 0.7535879611968994, 0.7111468315124512, 0.7866969108581543, 0.79203200340271, 0.8312571048736572, 1.093348741531372, 0.7945449352264404, 0.6929900646209717, 1.7364380359649658, 0.7524411678314209, 0.7913210391998291, 0.8058433532714844, 0.9067661762237549, 0.8296148777008057, 1.567359209060669, 0.8270938396453857, 0.8772940635681152, 0.9071853160858154, 0.6968848705291748, 0.8560178279876709, 0.7528660297393799], "registerPurchase": [0.3306920528411865, 0.4975571632385254, 0.3773188591003418, 0.33524227142333984, 0.3899269104003906, 0.23703718185424805, 0.3290891647338867, 1.803575038909912, 1.435185194015503, 0.5113370418548584, 0.45807313919067383, 0.3198401927947998, 0.45734190940856934, 1.500180959701538, 0.3065829277038574, 0.39864420890808105, 0.359025239944458, 0.5853729248046875, 0.5998289585113525, 0.339674711227417, 1.451935052871704, 0.317673921585083, 0.24057817459106445, 0.41902589797973633, 0.31290507316589355, 0.3778190612792969, 0.7291009426116943, 0.3707621097564697, 0.2882208824157715, 0.2981839179992676, 1.3131201267242432, 0.4766499996185303, 0.31755709648132324, 0.29614901542663574, 0.5335869789123535, 0.412761926651001, 0.301379919052124, 1.290865182876587, 0.37632107734680176, 1.2114002704620361, 1.5943939685821533, 1.1245930194854736, 0.7348971366882324, 0.44417500495910645, 5.05363917350769, 2.431250810623169, 9.352705955505371, 6.42191219329834], "retrievePurchases": [1.854599952697754, 0.21961712837219238, 0.2570810317993164, 0.2933220863342285, 0.2760019302368164, 0.47539496421813965, 1.4141159057617188, 0.5136868953704834, 3.868316888809204, 6.828016042709351, 0.3089919090270996, 0.3190500736236572, 0.21536612510681152, 0.5564637184143066, 0.19864773750305176, 0.2705092430114746, 0.2971789836883545, 0.29848790168762207, 0.3316779136657715, 0.2790970802307129, 0.19644618034362793, 0.27933788299560547, 0.21194219589233398, 0.19652795791625977, 0.24382996559143066, 0.2534921169281006, 0.21451902389526367, 0.1950218677520752, 0.21102190017700195, 1.154926061630249, 0.3000969886779785, 0.2729220390319824, 0.24082112312316895, 0.18992304801940918, 0.27898597717285156, 0.17697381973266602, 1.214040756225586, 0.2763359546661377, 0.20248007774353027, 0.3287379741668701, 0.20353102684020996, 0.3113231658935547, 0.5235638618469238, 0.20804476737976074, 0.29377079010009766, 0.19582796096801758, 0.1533050537109375, 0.27868103981018066, 0.15672683715820312, 0.1549692153930664]}