{"login": [3.18511700630188, 1.101656198501587, 1.0393781661987305, 0.9562008380889893, 0.989326000213623, 0.975445032119751, 0.8590681552886963, 0.8766491413116455, 1.0596041679382324, 0.958125114440918, 0.9896640777587891, 1.066857099533081, 0.9340879917144775, 0.9354617595672607, 1.0394139289855957, 0.9025137424468994, 3.0575127601623535, 1.04013991355896, 1.0392892360687256, 1.97222900390625, 0.9464371204376221, 0.9841861724853516, 0.9898247718811035, 1.1420538425445557, 1.018799066543579, 0.9853780269622803, 0.9062628746032715, 1.0401301383972168, 1.0403149127960205, 1.3154358863830566, 0.9728481769561768, 1.0399150848388672, 0.9590499401092529, 0.9007351398468018, 1.155278205871582, 0.9956150054931641, 1.085003137588501, 0.9351820945739746, 1.039675235748291, 1.0403170585632324, 1.0405969619750977, 1.0389361381530762, 0.9353139400482178, 0.9351789951324463, 1.0398738384246826, 1.1436631679534912, 0.9739658832550049, 1.0365962982177734, 1.0026378631591797, 1.0372471809387207], "retrievePoints": [2.9714250564575195, 0.6755862236022949, 0.7075450420379639, 2.8180947303771973, 0.8271849155426025, 3.8711018562316895, 0.7625629901885986, 0.8111321926116943, 0.7026257514953613, 0.9332468509674072, 0.6682429313659668, 0.7601208686828613, 0.9273190498352051, 0.7778818607330322, 0.8081562519073486, 0.8042340278625488, 1.3777470588684082, 0.6380250453948975, 0.8891839981079102, 0.8816831111907959, 0.7695457935333252, 0.7626612186431885, 0.8774330615997314, 0.6964051723480225, 0.7983529567718506, 0.5573000907897949, 0.8115510940551758, 1.092189073562622, 0.693051815032959, 0.8102529048919678, 0.7251608371734619, 0.7742421627044678, 0.7876508235931396, 0.832672119140625, 0.7718627452850342, 0.7572078704833984, 0.9111080169677734, 0.7973620891571045, 0.6942009925842285, 0.741584062576294, 0.7699921131134033, 0.7892458438873291, 0.8257169723510742, 0.7485599517822266, 0.7570030689239502, 0.7578721046447754, 0.7550797462463379, 0.7876150608062744, 0.7528960704803467, 0.7266130447387695], "redeemPoints": [2.845296859741211, 0.7974216938018799, 0.829362154006958, 0.8306140899658203, 0.8299968242645264, 0.8661582469940186, 0.7344520092010498, 1.004227876663208, 0.8184018135070801, 0.8338589668273926, 0.7259771823883057, 0.83402419090271, 0.7260410785675049, 0.8282949924468994, 0.7874188423156738, 0.8926041126251221, 0.8126261234283447, 0.6982378959655762, 0.9598829746246338, 0.8302032947540283, 0.7939531803131104, 0.8709099292755127, 0.8284409046173096, 0.729863166809082, 0.7258448600769043, 0.7021136283874512, 0.8526978492736816, 0.7395882606506348, 0.6715059280395508, 0.773475170135498, 0.8226079940795898, 1.0350027084350586, 0.6663610935211182, 0.7874932289123535, 0.7640419006347656, 0.7941868305206299, 0.8303380012512207, 0.8315029144287109, 0.7262749671936035, 0.7925319671630859, 0.7360560894012451, 0.7402570247650146, 0.8471229076385498, 0.7276389598846436, 0.6904349327087402, 0.6745522022247314, 0.7694120407104492, 0.7001783847808838, 0.7960131168365479, 0.6746208667755127], "registerPurchase": [2.4827799797058105, 0.4297969341278076, 0.2404952049255371, 0.479783296585083, 0.2922508716583252, 0.432020902633667, 0.2992830276489258, 0.2941901683807373, 0.335834264755249, 0.19546794891357422, 0.2714691162109375, 0.457531213760376, 0.23984193801879883, 0.2310469150543213, 0.5137228965759277, 0.3177781105041504, 0.2777099609375, 0.21752190589904785, 0.4669480323791504, 0.2788276672363281, 0.43858909606933594, 0.26827192306518555, 0.4535038471221924, 0.19731807708740234, 0.23327898979187012, 0.25623178482055664, 0.2743349075317383, 0.25014805793762207, 0.35498714447021484, 0.37985801696777344, 0.25147485733032227, 0.21553707122802734, 0.3093891143798828, 0.24222421646118164, 0.41693115234375, 0.4130821228027344, 0.2534620761871338, 0.2951071262359619, 0.2904491424560547, 0.2565929889678955, 0.27516913414001465, 0.2340531349182129, 0.34021973609924316, 0.32802271842956543, 0.5711109638214111, 0.20138120651245117, 0.2331850528717041, 0.2338881492614746, 0.3766348361968994, 0.2588768005371094], "retrievePurchases": [1.2877750396728516, 0.16838979721069336, 0.4483342170715332, 0.24254107475280762, 0.19041013717651367, 0.17958998680114746, 0.2531161308288574, 0.25673604011535645, 0.15233302116394043, 0.1955709457397461, 0.2548789978027344, 0.15471386909484863, 0.15708684921264648, 0.6380228996276855, 0.2900078296661377, 0.24045515060424805, 0.17164301872253418, 0.15681791305541992, 0.15451908111572266, 0.176361083984375, 0.15286707878112793, 0.2554786205291748, 0.17551302909851074, 0.15573811531066895, 0.15249109268188477, 0.15744376182556152, 0.15457391738891602, 0.1558091640472412, 0.16099882125854492, 0.15378808975219727, 0.15670299530029297, 0.25135016441345215, 0.1535799503326416, 0.21603703498840332, 0.3503427505493164, 0.21727323532104492, 0.15918421745300293, 0.17027807235717773, 1.374507188796997, 1.158477783203125, 0.2567439079284668, 0.19280791282653809, 0.3756279945373535, 0.43544888496398926, 1.235295057296753, 0.19441890716552734, 0.17665600776672363, 0.17518281936645508, 0.5151000022888184, 0.27443575859069824]}